language;task;method;clean-subset-size;mean-f1;std-error;seeds;f1-values
Hausa;topic;XLM-RoBERTa;10;0.2727863396005709;0.012825876523378814;[12345,12346,12347,12348,12349,12350,12351,12352,12353,12354];[0.33522645306201243, 0.31045660198807795, 0.29540155226992165, 0.29237720538564754, 0.22420794901756405, 0.21741960171836072, 0.25841413551962755, 0.22844708346739115, 0.24808149859921783, 0.3178313149778884]
Hausa;topic;XLM-RoBERTa;100;0.5136620684231166;0.016110800241327664;[12345,12346,12347,12348,12349,12350,12351,12352,12353,12354];[0.5554271917096779, 0.39558414704203926, 0.47386076259673676, 0.5435568562853127, 0.545584571135211, 0.5883994935965575, 0.4805575078568485, 0.5178696717164062, 0.5221986902927517, 0.5135817919996243]
Hausa;topic;XLM-RoBERTa;300;0.726274147852202;0.006070552147024829;[12345,12346,12347,12348,12349,12350,12351,12352,12353,12354];[0.6915741619601236, 0.7673605591131365, 0.7191060037631057, 0.7200800575114059, 0.7258970770626434, 0.7271682191898661, 0.7131009491833925, 0.7166111046813886, 0.7426936748518753, 0.7391496712050836]
Hausa;topic;XLM-RoBERTa;500;0.8123079738335361;0.006314540583511325;[12345,12346,12347,12348,12349,12350,12351,12352,12353,12354];[0.8147577758341173, 0.8391033046670541, 0.824075202187668, 0.8106868868398149, 0.8104008479212799, 0.8128370225126037, 0.8285197684312368, 0.794224153349756, 0.8248592711178401, 0.7636155054739909]
Hausa;topic;XLM-RoBERTa;700;0.8146647258929299;0.004569517045945497;[12345,12346,12347,12348,12349,12350,12351,12352,12353,12354];[0.8170466674829361, 0.8327036700356542, 0.8013761538911287, 0.8217560950754358, 0.8276519904490032, 0.8280178554823778, 0.8082340398591785, 0.7837852488212179, 0.8034739602217091, 0.8226015776106578]
Hausa;topic;XLM-RoBERTa;900;0.830470987992627;0.002975605332253397;[12345,12346,12347,12348,12349,12350,12351,12352,12353,12354];[0.8263893824159447, 0.8294789833887278, 0.8353469357363009, 0.8305277477534986, 0.8471704838672149, 0.8336280236393927, 0.8167519937025388, 0.8331775734276099, 0.8134356959737834, 0.8388030600212578]
Hausa;topic;XLM-RoBERTa;2044;0.8628648448704833;0.002820556350935052;[12345,12346,12347,12348,12349,12350,12351,12352,12353,12354];[0.8621242903265416, 0.8812397442782905, 0.8635523211311544, 0.8605634195399187, 0.85476495008867, 0.869759887705536, 0.8597435989374684, 0.8565522006140445, 0.871886759363278, 0.8484612767199312]
Hausa;topic;XLM-RoBERTa full-dev-set;10;0.32679212038668054;0.0111254286120945;[12345,12346,12347,12348,12349,12350,12351,12352,12353,12354];[0.3531712524548581, 0.33870895622392594, 0.3538389181532947, 0.2878344132247882, 0.3221312963051848, 0.3275961004292886, 0.3395356890064268, 0.23951122989171933, 0.34457418358293, 0.36101916459438915]
Hausa;topic;XLM-RoBERTa full-dev-set;100;0.5568404520462574;0.006101227089718695;[12345,12346,12347,12348,12349,12350,12351,12352,12353,12354];[0.573271771687467, 0.5778158831500478, 0.5425142516596144, 0.5415924628094332, 0.580092066337798, 0.5585213223070581, 0.5294223789425595, 0.5693123776915654, 0.569900071088767, 0.5259619347882639]
Hausa;topic;XLM-RoBERTa full-dev-set;300;0.7446890061447522;0.008020140626104774;[12345,12346,12347,12348,12349,12350,12351,12352,12353,12354];[0.7156914740315615, 0.7840493528095418, 0.7676737696675031, 0.7107481772842901, 0.780448100401753, 0.7485671168047211, 0.7242153640675515, 0.7523329887853029, 0.7426936748518753, 0.7204700427434214]
Hausa;topic;XLM-RoBERTa full-dev-set;500;0.8132831099374724;0.002495761941199693;[12345,12346,12347,12348,12349,12350,12351,12352,12353,12354];[0.8152931745140541, 0.8123001817573303, 0.8129208374840342, 0.8111288661300541, 0.8183786377816802, 0.8128370225126037, 0.8334191835101258, 0.8061193844862276, 0.8053456057867404, 0.8050882054118732]
Hausa;topic;XLM-RoBERTa full-dev-set;700;0.8265629810483734;0.004143466876268014;[12345,12346,12347,12348,12349,12350,12351,12352,12353,12354];[0.8170466674829361, 0.8421533728906991, 0.8148646249639253, 0.8284353170430249, 0.8410352127142862, 0.8349105328203792, 0.8423799482118045, 0.8114125791066633, 0.8046688825430286, 0.8287226727069881]
Hausa;topic;XLM-RoBERTa full-dev-set;900;0.8313546293958259;0.0027097675167499532;[12345,12346,12347,12348,12349,12350,12351,12352,12353,12354];[0.8369860949775937, 0.8294789833887278, 0.821344324677248, 0.8343102367121784, 0.8471704838672149, 0.8320343038947134, 0.8304705096875169, 0.8331775734276099, 0.8134356959737834, 0.8351380873516727]
Hausa;topic;XLM-RoBERTa full-dev-set;2044;0.8628648448704833;0.002820556350935052;[12345,12346,12347,12348,12349,12350,12351,12352,12353,12354];[0.8621242903265416, 0.8812397442782905, 0.8635523211311544, 0.8605634195399187, 0.85476495008867, 0.869759887705536, 0.8597435989374684, 0.8565522006140445, 0.871886759363278, 0.8484612767199312]
Hausa;topic;XLM-RoBERTa + en-data (zero-shot);0;0.09783909946688026;0;[12345];[0.09783909946688026]
Hausa;topic;XLM-RoBERTa + en-data (few-shot);10;0.2248054140469927;0.006277663134057271;[12345,12346,12347,12348,12349,12350,12351,12352,12353,12354];[0.20920423152078704, 0.21192651489957776, 0.20540579667946837, 0.25787229867500255, 0.2539423874333563, 0.20938945857144842, 0.22640551882843038, 0.20171921959081446, 0.2264805543821174, 0.24570815988892455]
Hausa;topic;XLM-RoBERTa + en-data (few-shot);100;0.3007099129717011;0.01959569256246281;[12345,12346,12347,12348,12349,12350,12351,12352,12353,12354];[0.24072800103123312, 0.32120270741173007, 0.32306640901734324, 0.34724944747863284, 0.30909054488736043, 0.3707471658130647, 0.32757615841545673, 0.30912439390966734, 0.14053450932469047, 0.3177797924278318]
Hausa;topic;XLM-RoBERTa + en-data (few-shot);300;0.46401899758492043;0.01724787910058302;[12345,12346,12347,12348,12349,12350,12351,12352,12353,12354];[0.5501819339053114, 0.4711447150024804, 0.401248619932225, 0.43397388310179275, 0.4932161665411819, 0.5004049509194208, 0.4278556600378071, 0.3610156857712667, 0.5188064650924201, 0.4823418955452985]
Hausa;topic;XLM-RoBERTa + en-data (few-shot);500;0.6318211641563476;0.0074097577190397335;[12345,12346,12347,12348,12349,12350,12351,12352,12353,12354];[0.6450999529029569, 0.6714860623820258, 0.5871977687958927, 0.6207822247644978, 0.6379166446805069, 0.5991561970734094, 0.628382683213381, 0.6476355539144948, 0.6479789082133944, 0.6325756456229162]
Hausa;topic;XLM-RoBERTa + en-data (few-shot);700;0.71987554250452;0.007331467370655098;[12345,12346,12347,12348,12349,12350,12351,12352,12353,12354];[0.7049086126087187, 0.7388343236967078, 0.6842994612952773, 0.7622863060654991, 0.7469547834616415, 0.7038869578665718, 0.7227110127880624, 0.7302697414754789, 0.7038213784683726, 0.7007828473188707]
Hausa;topic;XLM-RoBERTa + en-data (few-shot);900;0.7693833019880288;0.00318971529783253;[12345,12346,12347,12348,12349,12350,12351,12352,12353,12354];[0.7903751062175731, 0.763912405504652, 0.7768400917171794, 0.7549549183137241, 0.7749871117913624, 0.7582689812947127, 0.7735906581828392, 0.761340940476947, 0.7745474625543076, 0.765015343826991]
Hausa;topic;XLM-RoBERTa + en-data (few-shot);2044;0.8284589003420015;0.005048781897718765;[12345,12346,12347,12348,12349,12350,12351,12352,12353,12354];[0.835120833810792, 0.8540361169860295, 0.8216245657090229, 0.8435401842790266, 0.8257425122981149, 0.7993179293623387, 0.8476083258155875, 0.8249661145471463, 0.8211082034387401, 0.8115242171732165]
Hausa;topic;XLM-RoBERTa + distant;10;0.2670849200306781;0.013094480623882436;[12345,12346,12347,12348,12349,12350,12351,12352,12353,12354,12355,12356,12357,12358,12359,12360,12361,12362,12363,12364];[0.326223635283015, 0.30305457185750784, 0.34071369795528667, 0.21378162028140568, 0.24244319658744903, 0.24792146757146574, 0.2712845781261055, 0.2570200477527036, 0.25466159951288136, 0.2137447853789603]
Hausa;topic;XLM-RoBERTa + distant;100;0.5964920184827391;0.011483225741327369;[12345,12346,12347,12348,12349,12350,12351,12352,12353,12354,12355,12356,12357,12358,12359,12360,12361,12362,12363,12364];[0.602819939256577, 0.5987238320493926, 0.5872388810994736, 0.6714669123315344, 0.6418247249751016, 0.5811826022570298, 0.5820139129998286, 0.5435971516899608, 0.5510476570727986, 0.605004571095695]
Hausa;topic;XLM-RoBERTa + distant;300;0.674548004636828;0.008039090627937572;[12345,12346,12347,12348,12349,12350,12351,12352,12353,12354,12355,12356,12357,12358,12359,12360,12361,12362,12363,12364];[0.6660826960968235, 0.6091631883231408, 0.6917602297234757, 0.6898820489961696, 0.6724176424699105, 0.6740543147959336, 'removed-converged-only-majority-classes-on-dev', 0.6765275475133709, 0.6757021705880525, 0.714211037202244, 0.6756791706591583]
Hausa;topic;XLM-RoBERTa + distant;500;0.7031526615706802;0.010636426875475809;[12345,12346,12347,12348,12349,12350,12351,12352,12353,12354,12355,12356,12357,12358,12359,12360,12361,12362,12363,12364];[0.7480627175876344, 0.7369171219969941, 0.6568290446415697, 'removed-converged-only-majority-classes-on-dev', 0.6853013594679487, 0.7355343513817304, 0.6670544805841193, 0.7271933874365869, 0.6536766377811978, 0.7003045257508987, 0.7206529890781228]
Hausa;topic;XLM-RoBERTa + distant;700;0.7237782285574073;0.0037698271727154443;[12345,12346,12347,12348,12349,12350,12351,12352,12353,12354,12355,12356,12357,12358,12359,12360,12361,12362,12363,12364];[0.728226959217411, 'removed-converged-only-majority-classes-on-dev', 'removed-converged-only-majority-classes-on-dev', 0.7313542983319454, 0.7082969348022388, 0.7242149909551439, 0.7408741132775174, 0.7059687329846621, 'removed-converged-only-majority-classes-on-dev', 'removed-converged-only-majority-classes-on-dev', 0.7325572369442719, 0.7375627359500231, 'removed-converged-only-majority-classes-on-dev', 0.7193777038509979, 'removed-converged-only-majority-classes-on-dev', 0.7093485792598607]
Hausa;topic;XLM-RoBERTa + distant;900;0.7270301427006386;0.007470167652449962;[12345,12346,12347,12348,12349,12350,12351,12352,12353,12354,12355,12356,12357,12358,12359,12360,12361,12362,12363,12364];[0.7260977718895092, 'removed-converged-only-majority-classes-on-dev', 'removed-converged-only-majority-classes-on-dev', 'removed-converged-only-majority-classes-on-dev', 0.7014885963259796, 0.7692578527379123, 'removed-converged-only-majority-classes-on-dev', 'removed-converged-only-majority-classes-on-dev', 0.7058182933991984, 0.7587645350514874, 0.7280962410097606, 0.7520811110548545, 'removed-converged-only-majority-classes-on-dev', 0.7099205182355783, 0.7178442437313504, 0.7009322635707554]
Hausa;topic;XLM-RoBERTa + distant;2044;0.7443906899378766;0.06606334924009967;[12345,12346,12347,12348,12349,12350,12351,12352,12353,12354,12355,12356,12357,12358,12359,12360,12361,12362,12363,12364];[0.8120007926585627, 0.8214083265342093, 0.8076345837794958, 0.821484642510538, 0.8007105397159782, 0.8187096509408279, 0.11856133233297211, 0.8215651654345008, 0.7905963916111411, 0.8312354738605405]
Hausa;topic;XLM-RoBERTa + distant + cm;10;0.28715667017341034;0.01658010991840077;[12345,12346,12347,12348,12349,12350,12351,12352,12353,12354,12355,12356,12357,12358,12359,12360,12361,12362,12363,12364];[0.27006792505517674, 0.36149567769889945, 0.33370090240233, 0.24543581246355325, 0.2344177624133177, 0.22842131588596928, 0.3715439868480051, 0.269272788010654, 0.2341859229405611, 0.32302460801563737]
Hausa;topic;XLM-RoBERTa + distant + cm;100;0.6322584373828593;0.011400222896792747;[12345,12346,12347,12348,12349,12350,12351,12352,12353,12354,12355,12356,12357,12358,12359,12360,12361,12362,12363,12364];[0.6011457884493736, 0.6247290644100023, 0.6296244644653136, 0.6230188189055547, 0.6586024967148719, 0.6936657863476995, 0.6342404157825063, 0.5513834035941079, 0.6541539547025427, 0.6520201804566209]
Hausa;topic;XLM-RoBERTa + distant + cm;300;0.6916702656361495;0.00684310400458755;[12345,12346,12347,12348,12349,12350,12351,12352,12353,12354,12355,12356,12357,12358,12359,12360,12361,12362,12363,12364];[0.7206632204614929, 0.6793737972270747, 0.6905071640579193, 0.6972274043674699, 0.6521504081829, 0.7014078687468258, 0.6740092467101197, 0.6755447110985984, 0.7291573371479313, 0.6966614983611632]
Hausa;topic;XLM-RoBERTa + distant + cm;500;0.7163040791989643;0.006412688248404235;[12345,12346,12347,12348,12349,12350,12351,12352,12353,12354,12355,12356,12357,12358,12359,12360,12361,12362,12363,12364];[0.672450195073831, 0.7328335141116444, 0.7005303124880183, 0.7182963218465765, 0.7561026191682054, 0.7177561780763346, 0.7118332567637159, 0.7119833203220436, 0.7199145232412973, 0.7213405508979759]
Hausa;topic;XLM-RoBERTa + distant + cm;700;0.7287801476519893;0.007866920201358468;[12345,12346,12347,12348,12349,12350,12351,12352,12353,12354,12355,12356,12357,12358,12359,12360,12361,12362,12363,12364];[0.7080367778834495, 'removed-converged-only-majority-classes-on-dev', 0.7264250413666717, 'removed-converged-only-majority-classes-on-dev', 'removed-converged-only-majority-classes-on-dev', 0.733320167907112, 0.7253566456043603, 'removed-converged-only-majority-classes-on-dev', 'removed-converged-only-majority-classes-on-dev', 0.757092926822158, 0.710232364854279, 0.7609167160688527, 'removed-converged-only-majority-classes-on-dev', 0.7451990674947091, 'removed-converged-only-majority-classes-on-dev', 0.6744690847303654, 0.7467526837879349]
Hausa;topic;XLM-RoBERTa + distant + cm;900;0.7409928378086779;0.007752863612096062;[12345,12346,12347,12348,12349,12350,12351,12352,12353,12354,12355,12356,12357,12358,12359,12360,12361,12362,12363,12364];[0.7462119536064635, 'removed-converged-only-majority-classes-on-dev', 'removed-converged-only-majority-classes-on-dev', 'removed-converged-only-majority-classes-on-dev', 0.7393521186693087, 0.6896472180339495, 0.7227539906712249, 'removed-converged-only-majority-classes-on-dev', 0.7184809642635176, 0.7461178278328041, 0.7717455098677393, 0.7774146182355532, 'removed-converged-only-majority-classes-on-dev', 0.755221209357789, 0.7429829675484289]
Hausa;topic;XLM-RoBERTa + distant + cm;2044;0.8177453447795164;0.00484517485793171;[12345,12346,12347,12348,12349,12350,12351,12352,12353,12354,12355,12356,12357,12358,12359,12360,12361,12362,12363,12364];[0.8207351824671284, 0.8222106619424401, 0.8292800734247835, 0.7960011029374352, 0.8091878264627211, 0.8061697981692083, 0.8329962495381098, 0.8139398612939508, 0.7990422200947241, 0.8478904714646631]
Hausa;topic;XLM-RoBERTa + distant + cm-smooth;10;0.2596025937230882;0.013419101991343123;[12345,12346,12347,12348,12349,12350,12351,12352,12353,12354,12355,12356,12357,12358,12359,12360,12361,12362,12363,12364];[0.3084117670577196, 0.3448119016672027, 0.2716462035494132, 0.2798105271615883, 0.2559705663341041, 0.2646216491753438, 0.2151628323121233, 0.22556628470378043, 0.23321224129472876, 0.19681196397487813]
Hausa;topic;XLM-RoBERTa + distant + cm-smooth;100;0.6174248264925793;0.01740669617015622;[12345,12346,12347,12348,12349,12350,12351,12352,12353,12354,12355,12356,12357,12358,12359,12360,12361,12362,12363,12364];[0.5839211475002577, 0.6191464447851718, 0.5465388031767012, 0.5385949920202344, 0.7066761860249754, 0.6793276591639181, 0.5838381485671968, 0.6773698731473632, 0.645947626028537, 0.5928873845114377]
Hausa;topic;XLM-RoBERTa + distant + cm-smooth;300;0.6801090631095297;0.01056192102642261;[12345,12346,12347,12348,12349,12350,12351,12352,12353,12354,12355,12356,12357,12358,12359,12360,12361,12362,12363,12364];[0.7011031418732367, 0.7190201642623911, 0.6573742416242141, 0.5941418932724668, 'removed-converged-only-majority-classes-on-dev', 0.681360896841023, 0.7032029724762935, 0.6654202367753104, 0.6967591303395507, 0.6938627393721651, 0.6888452142586463]
Hausa;topic;XLM-RoBERTa + distant + cm-smooth;500;0.713724410684802;0.008302943073576015;[12345,12346,12347,12348,12349,12350,12351,12352,12353,12354,12355,12356,12357,12358,12359,12360,12361,12362,12363,12364];['removed-converged-only-majority-classes-on-dev', 0.7308168109864219, 0.688135024384002, 0.7098276290074919, 0.7598359898575101, 0.6939358989186569, 0.6739535743793041, 0.7162680545390697, 'removed-converged-only-majority-classes-on-dev', 0.7076104456236055, 0.7023940870859278, 0.754466592066029]
Hausa;topic;XLM-RoBERTa + distant + cm-smooth;700;0.7262021517146959;0.005606313535589718;[12345,12346,12347,12348,12349,12350,12351,12352,12353,12354,12355,12356,12357,12358,12359,12360,12361,12362,12363,12364];[0.7427984847781605, 'removed-converged-only-majority-classes-on-dev', 0.748222966772257, 0.7223353554040506, 0.7119504431491052, 0.7129914994869819, 'removed-converged-only-majority-classes-on-dev', 0.7126716401458837, 0.6918335329334898, 0.7332857065037384, 0.7403550988564715, 0.7455767891168215]
Hausa;topic;XLM-RoBERTa + distant + cm-smooth;900;0.7431408018222251;0.007035605755574994;[12345,12346,12347,12348,12349,12350,12351,12352,12353,12354,12355,12356,12357,12358,12359,12360,12361,12362,12363,12364];[0.7133911003634352, 0.7429687873126267, 0.7221420874026026, 0.7203825368388266, 0.7869575149511421, 0.768450041455066, 0.741851343575212, 0.7271291898159307, 0.7590035428552704, 0.7491318736521387]
Hausa;topic;XLM-RoBERTa + distant + cm-smooth;2044;0.7518101146699361;0.060788963873472775;[12345,12346,12347,12348,12349,12350,12351,12352,12353,12354,12355,12356,12357,12358,12359,12360,12361,12362,12363,12364];[0.8082986383934165, 0.8091886728449289, 0.8142099180087077, 0.8246661454654336, 0.8220833950900976, 0.8184389597634739, 0.1755476910719511, 0.8066208487998947, 0.809172083639456, 0.8298747936219997]
Yoruba;topic;mBERT;10;0.25566830293167614;0.010904919591856537;[12345,12346,12347,12348,12349,12350,12351,12352,12353,12354];[0.26262227256228804, 0.24930507440788288, 0.17850847850404997, 0.270547637235355, 0.233388928820431, 0.2787152606131286, 0.25218002456858135, 0.298875583519383, 0.3016003858723814, 0.2309393832132804]
Yoruba;topic;mBERT;100;0.5284714756466852;0.012112240659226538;[12345,12346,12347,12348,12349,12350,12351,12352,12353,12354];[0.5313010257384705, 0.5540805421042203, 0.5087881723045619, 0.5247798037100176, 0.4233121710951623, 0.534317675397982, 0.5409718635857929, 0.555170408748989, 0.5479735592522998, 0.5640195345293553]
Yoruba;topic;mBERT;300;0.6553723448653865;0.007698449555639651;[12345,12346,12347,12348,12349,12350,12351,12352,12353,12354];[0.6561552496483082, 0.6878746279258731, 0.627291324232576, 0.6119842096226629, 0.6482101118031763, 0.6350034719473351, 0.672878131112249, 0.6545708857329541, 0.6904658508553226, 0.6692895857734074]
Yoruba;topic;mBERT;500;0.6925664293115126;0.004491424324733865;[12345,12346,12347,12348,12349,12350,12351,12352,12353,12354];[0.7009053594691412, 0.6910541566657008, 0.674661265697895, 0.6874827061013745, 0.6885339040205954, 0.6891686222618368, 0.6770890751212565, 0.682783207611563, 0.721610605668512, 0.7123753904972516]
Yoruba;topic;mBERT;700;0.7020975651381727;0.004687318395344405;[12345,12346,12347,12348,12349,12350,12351,12352,12353,12354];[0.681822851783516, 0.6948022851946863, 0.6996554355111133, 0.704943227886023, 0.686513979442504, 0.735090138936561, 0.7199885984619571, 0.701178658701166, 0.7029864203261409, 0.6939940551380587]
Yoruba;topic;mBERT;900;0.7341039503895853;0.004548963904215167;[12345,12346,12347,12348,12349,12350,12351,12352,12353,12354];[0.7314345000149065, 0.7454854309028968, 0.7174951345143504, 0.7436517119854904, 0.7180370331211267, 0.7450066787805323, 0.7541086138737414, 0.7333626394437582, 0.7444476321314148, 0.7080101291276362]
Yoruba;topic;mBERT;1339;0.7486904395964115;0.003467122883247159;[12345,12346,12347,12348,12349,12350,12351,12352,12353,12354];[0.7440908294421631, 0.7368973283238365, 0.7371659937015094, 0.7555490699837767, 0.7626603459575746, 0.7651311956602508, 0.7404843259678153, 0.7339104299122251, 0.758492223137293, 0.7525226538776708]
Yoruba;topic;mBERT full-dev-set;10;0.2851206458539987;0.006259852716741343;[12345,12346,12347,12348,12349,12350,12351,12352,12353,12354];[0.28013614014081184, 0.2913012229634921, 0.2854228389955474, 0.33012646367714127, 0.252043183452951, 0.30021326933520504, 0.2645658196320106, 0.28899420013548405, 0.27966852381100404, 0.27873479639634]
Yoruba;topic;mBERT full-dev-set;100;0.5464193808894311;0.0048170023444696446;[12345,12346,12347,12348,12349,12350,12351,12352,12353,12354];[0.5424898700416938, 0.5531830656122296, 0.5265477615418434, 0.5247798037100176, 0.5585155314192113, 0.5312732385050755, 0.5433798514168636, 0.5719209814059462, 0.5466937481721966, 0.5654099570692322]
Yoruba;topic;mBERT full-dev-set;300;0.6640153522491987;0.0063156060824042645;[12345,12346,12347,12348,12349,12350,12351,12352,12353,12354];[0.6638133279406676, 0.7062352673576153, 0.6366212051389765, 0.6626241722462825, 0.6548018860451839, 0.6621675378036675, 0.6446977784087826, 0.6488091264270022, 0.6910936353504024, 0.6692895857734074]
Yoruba;topic;mBERT full-dev-set;500;0.700661110153686;0.005580573931232402;[12345,12346,12347,12348,12349,12350,12351,12352,12353,12354];[0.7231993635857851, 0.6910541566657008, 0.674661265697895, 0.6874827061013745, 0.6885339040205954, 0.6871390590642449, 0.7272093653224989, 0.6933452849130016, 0.721610605668512, 0.7123753904972516]
Yoruba;topic;mBERT full-dev-set;700;0.7125204563780239;0.0056104291461133654;[12345,12346,12347,12348,12349,12350,12351,12352,12353,12354];[0.681822851783516, 0.7209043730823802, 0.7169197059884361, 0.704943227886023, 0.7377437439362379, 0.735090138936561, 0.7199885984619571, 0.6869020438705539, 0.7202427507868391, 0.7006471290477353]
Yoruba;topic;mBERT full-dev-set;900;0.7328837476935837;0.007071250868463374;[12345,12346,12347,12348,12349,12350,12351,12352,12353,12354];[0.7261677082879486, 0.7454854309028968, 0.7174951345143504, 0.7130681905248205, 0.7180370331211267, 0.7861885514214777, 0.7541086138737414, 0.7333626394437582, 0.7269140457180798, 0.7080101291276362]
Yoruba;topic;mBERT full-dev-set;1339;0.7486904395964115;0.003467122883247159;[12345,12346,12347,12348,12349,12350,12351,12352,12353,12354];[0.7440908294421631, 0.7368973283238365, 0.7371659937015094, 0.7555490699837767, 0.7626603459575746, 0.7651311956602508, 0.7404843259678153, 0.7339104299122251, 0.758492223137293, 0.7525226538776708]
Yoruba;topic;mBERT distilled;10;0.22909396488694522;0.014567931298819935;[12345,12346,12347,12348,12349,12350,12351,12352,12353,12354];[0.22192913145109322, 0.13820489784844994, 0.1970062490419192, 0.22784168865435359, 0.31918311399574334, 0.20791842384989073, 0.27496966822933555, 0.20770085073890576, 0.2519978697970726, 0.24418775526268816]
Yoruba;topic;mBERT distilled;100;0.48903717744241637;0.009000564422641463;[12345,12346,12347,12348,12349,12350,12351,12352,12353,12354];[0.5063938644813316, 0.49960696271117633, 0.5085524237320953, 0.5377750478046268, 0.4545184776594903, 0.4453185467877581, 0.45698048121513485, 0.4863301852567713, 0.4793852642663324, 0.5155105205094472]
Yoruba;topic;mBERT distilled;300;0.6574343265393746;0.004822489693813932;[12345,12346,12347,12348,12349,12350,12351,12352,12353,12354];[0.6733252212392328, 0.6839266345033882, 0.6620497239822111, 0.6290711960927657, 0.6595933114142929, 0.6352872912218585, 0.6530116695073516, 0.6580195106880412, 0.6571151078865944, 0.6629435988580097]
Yoruba;topic;mBERT distilled;500;0.6888525787074983;0.005302690419875841;[12345,12346,12347,12348,12349,12350,12351,12352,12353,12354];[0.7227628343567483, 0.6806197329096537, 0.7085741362840547, 0.6829315999483431, 0.6714433396990411, 0.6769606231703723, 0.6935812523351237, 0.6792031148095332, 0.6689563392817068, 0.7034928142804052]
Yoruba;topic;mBERT distilled;700;0.7053884158453272;0.004371923555638612;[12345,12346,12347,12348,12349,12350,12351,12352,12353,12354];[0.7284925225406554, 0.7145288161490738, 0.7103498142490852, 0.6910797205499302, 0.6933403292462693, 0.699965001293707, 0.7287134540698461, 0.6943351172052092, 0.6907402010358255, 0.7023391821136705]
Yoruba;topic;mBERT distilled;900;0.7184019284084407;0.004135031996673216;[12345,12346,12347,12348,12349,12350,12351,12352,12353,12354];[0.7289202973943452, 0.7306009940097752, 0.7165485670215231, 0.7106843333641619, 0.7109808819361285, 0.7088552321574737, 0.6921798671278273, 0.715473013305785, 0.7357332511670125, 0.7340428466003754]
Yoruba;topic;mBERT distilled;1339;0.7425256514867333;0.0026967692926178114;[12345,12346,12347,12348,12349,12350,12351,12352,12353,12354];[0.7542951511440181, 0.7423881440847351, 0.7222999111406098, 0.7454866629248619, 0.7403113546729738, 0.7483776162974303, 0.7527793048908066, 0.738209260424345, 0.740254070019672, 0.7408550392678803]
Yoruba;topic;mBERT + en-data (zero-shot);0;0.020761978387644323;0;[12345];[0.020761978387644323]
Yoruba;topic;mBERT + en-data (few-shot);10;0.28178158331518366;0.013804615642849133;[12345,12346,12347,12348,12349,12350,12351,12352,12353,12354];[0.32526070892606307, 0.21041947057480326, 0.35375967611379183, 0.23438740615443013, 0.3022459302215581, 0.2625305350336914, 0.28002599079527263, 0.28691936095876225, 0.237389861247049, 0.3248768931264154]
Yoruba;topic;mBERT + en-data (few-shot);100;0.3596781798102518;0.019945984944961123;[12345,12346,12347,12348,12349,12350,12351,12352,12353,12354];[0.37329397740004794, 0.22104925675119466, 0.39088384651500885, 0.36491786342532073, 0.3264435394439984, 0.4780092155511684, 0.31451256959141266, 0.35277891267337175, 0.3695135189971473, 0.40537909775384684]
Yoruba;topic;mBERT + en-data (few-shot);300;0.5661583737143214;0.0062384244945922485;[12345,12346,12347,12348,12349,12350,12351,12352,12353,12354];[0.5268531347712327, 0.5809289454355738, 0.584347722264779, 0.5735347261610813, 0.6035771684357313, 0.5593895416504319, 0.5589970736216964, 0.5632559259360396, 0.5567841514495145, 0.5539153474171346]
Yoruba;topic;mBERT + en-data (few-shot);500;0.6298433933486214;0.005923465403218172;[12345,12346,12347,12348,12349,12350,12351,12352,12353,12354];[0.6408954222897886, 0.6636009930623804, 0.636254120289223, 0.5920063902804631, 0.6471582795333499, 0.6107603593425683, 0.6316226057769606, 0.6244435524549736, 0.6306438735340427, 0.6210483369224632]
Yoruba;topic;mBERT + en-data (few-shot);700;0.6700241289486539;0.006030586423980775;[12345,12346,12347,12348,12349,12350,12351,12352,12353,12354];[0.663681798137359, 0.684103270405469, 0.6607016346289674, 0.6847410473293769, 0.6930371035685489, 0.6897144539711362, 0.6697154250295541, 0.649871061110989, 0.6284035693500178, 0.6762719259551222]
Yoruba;topic;mBERT + en-data (few-shot);900;0.686153768657429;0.0055413317002428195;[12345,12346,12347,12348,12349,12350,12351,12352,12353,12354];[0.6604732735078214, 0.6947195472147524, 0.7137972986258061, 0.695220976878095, 0.6754117893988448, 0.6748061294501247, 0.7020065133236988, 0.6632940239341919, 0.6762714127722845, 0.7055367214686711]
Yoruba;topic;mBERT + en-data (few-shot);1339;0.7210109649893915;0.004041576764643242;[12345,12346,12347,12348,12349,12350,12351,12352,12353,12354];[0.7240969809991601, 0.7266415742294513, 0.7356128209900951, 0.7242356184973011, 0.7232103330801389, 0.6893061996292444, 0.7132130183655279, 0.7114540635527954, 0.7312924758943516, 0.7310465646558504]
Yoruba;topic;mBERT + distant;10;0.3022945717201021;0.015226599855347576;[12345,12346,12347,12348,12349,12350,12351,12352,12353,12354];[0.22053083172285087, 0.34921463702885064, 0.34676517150395775, 0.29874998097574185, 0.345017051888724, 0.3671379881824921, 0.254533314305489, 0.2832662847295398, 0.31448105075930405, 0.24324940610407048]
Yoruba;topic;mBERT + distant;100;0.5838384405087759;0.011760422691222001;[12345,12346,12347,12348,12349,12350,12351,12352,12353,12354];[0.5467230638600821, 0.6301415259299578, 0.5967964719978335, 0.5058105772431135, 0.5854071210241835, 0.6004064394724743, 0.5589916227272466, 0.6192059752946085, 0.6251743512736352, 0.5697272562646237]
Yoruba;topic;mBERT + distant;300;0.6738019184818603;0.0043078166284303285;[12345,12346,12347,12348,12349,12350,12351,12352,12353,12354];[0.6489932778393263, 0.6678943258261772, 0.6634865487964307, 0.6678211388358737, 0.673063204952348, 0.6837537884344661, 0.6968225840471725, 0.6691353428201132, 0.6729695474020777, 0.6940794258646182]
Yoruba;topic;mBERT + distant;500;0.6920923968296917;0.005663882319365227;[12345,12346,12347,12348,12349,12350,12351,12352,12353,12354];[0.6790899138820579, 0.6824527582989705, 0.6735573180939654, 0.7129837679109106, 0.6976114310814346, 0.7073108408189733, 0.6554821789115053, 0.7004912513104472, 0.7133125574828899, 0.6986319505057622]
Yoruba;topic;mBERT + distant;700;0.7026941816352192;0.004148879688627464;[12345,12346,12347,12348,12349,12350,12351,12352,12353,12354];[0.7089956642808519, 0.6889296551678394, 0.6985687117617484, 0.6988754974653058, 0.6741444386780353, 0.7101769455123078, 0.7043390900425237, 0.7078135463289393, 0.7252697279090051, 0.7098285392056364]
Yoruba;topic;mBERT + distant;900;0.7036824912985362;0.0047543244834157726;[12345,12346,12347,12348,12349,12350,12351,12352,12353,12354];[0.7083191047346025, 0.7269970924905442, 0.7153419714703959, 0.6791721592238739, 0.6990457134726241, 0.6900629195980753, 0.7212555133585659, 0.687891967253825, 0.7141800467846166, 0.6945584245982392]
Yoruba;topic;mBERT + distant;1339;0.7303887860581378;0.00491001457707325;[12345,12346,12347,12348,12349,12350,12351,12352,12353,12354];[0.6972874594406316, 0.7394173506094727, 0.7167359889834171, 0.7213570350061017, 0.7337072337179351, 0.7184463682383142, 0.7421548757254353, 0.7447794159583161, 0.7494416806084226, 0.7405604522933307]
Yoruba;topic;mBERT + distant + cm;10;0.3344455571859696;0.02374120052208273;[12345,12346,12347,12348,12349,12350,12351,12352,12353,12354];[0.21818388048995244, 0.31982359185193376, 0.21306686616671788, 0.36035715287592585, 0.43405379606683336, 0.3549354516162701, 0.42410558106173635, 0.38740122967134805, 0.3681469854144167, 0.2643810366445611]
Yoruba;topic;mBERT + distant + cm;100;0.5914947060507577;0.009244775153630078;[12345,12346,12347,12348,12349,12350,12351,12352,12353,12354];[0.5732343820896957, 0.6303070852562905, 0.5523515730355858, 0.5654455149660087, 0.6150785272836933, 0.6162026427244742, 0.5776930845737551, 0.5547938483343695, 0.5962872031724731, 0.6335531990712316]
Yoruba;topic;mBERT + distant + cm;300;0.6745696863940153;0.008019611721478144;[12345,12346,12347,12348,12349,12350,12351,12352,12353,12354];[0.623082050678708, 0.6736830471958425, 0.691348376330836, 0.66441234666655, 0.6667685122722122, 0.6596317580050461, 0.6925457142929854, 0.6674333738185981, 0.72657988186834, 0.6802118028110342]
Yoruba;topic;mBERT + distant + cm;500;0.7015778325793438;0.004097703478796339;[12345,12346,12347,12348,12349,12350,12351,12352,12353,12354];[0.6899524646995225, 0.6928859010811068, 0.6929409954637551, 0.7091856719535234, 0.708963793342847, 0.7223859949696886, 0.682939250182741, 0.7122996756095857, 0.7159954869166105, 0.6882290915740565]
Yoruba;topic;mBERT + distant + cm;700;0.7168066684865932;0.0036167779511039545;[12345,12346,12347,12348,12349,12350,12351,12352,12353,12354];[0.7056381774888868, 0.710828561234119, 0.7388906111510436, 0.714876561077892, 0.7117854887531998, 0.7078229287946991, 0.7045457494741627, 0.735237971121535, 0.7142910585290829, 0.724149577241311]
Yoruba;topic;mBERT + distant + cm;900;0.7175120527148752;0.007637991380194913;[12345,12346,12347,12348,12349,12350,12351,12352,12353,12354];[0.7015254917485734, 0.7281350078057889, 0.7662288780170978, 0.7054999893630847, 0.7168981589845856, 0.7416672881103996, 0.7087692377298652, 0.6790828908983105, 0.693895218780571, 0.7334183657104756]
Yoruba;topic;mBERT + distant + cm;1339;0.7336183829121359;0.004363717039414547;[12345,12346,12347,12348,12349,12350,12351,12352,12353,12354];[0.7236320986358487, 0.739691840037158, 0.724792406138115, 0.7529145060157105, 0.7234094743539781, 0.7246560070006369, 0.7348028533127428, 0.7122428644312169, 0.7582793835443198, 0.741762395651632]
Yoruba;topic;mBERT + distant + cm-smooth;10;0.30245126792334787;0.018732672595178038;[12345,12346,12347,12348,12349,12350,12351,12352,12353,12354];[0.227745512451609, 0.32512352132421496, 0.38666404543228516, 0.32764501895817616, 0.264144972328348, 0.41976201673413477, 0.2389795595145427, 0.2877624971431651, 0.2804699303715038, 0.2662156049754994]
Yoruba;topic;mBERT + distant + cm-smooth;100;0.5788360574790579;0.014734052484626156;[12345,12346,12347,12348,12349,12350,12351,12352,12353,12354];[0.535536274752946, 0.6219601068790297, 0.6490789856499445, 0.5346127605435996, 0.5376767720106208, 0.5851983375634157, 0.588211490176237, 0.5005636315253099, 0.6250257691685784, 0.6104964465208974]
Yoruba;topic;mBERT + distant + cm-smooth;300;0.6741567746356678;0.006272517811196023;[12345,12346,12347,12348,12349,12350,12351,12352,12353,12354];[0.6775491233889661, 0.6533563637591018, 0.6826099745572379, 0.6682098421648597, 0.6753372683806527, 0.6816659861796703, 0.6999765306785453, 0.6291343979869625, 0.6744333113723708, 0.699294947888311]
Yoruba;topic;mBERT + distant + cm-smooth;500;0.7002149986166545;0.005499112056397284;[12345,12346,12347,12348,12349,12350,12351,12352,12353,12354];[0.6985369562592604, 0.7177140912923125, 0.6723275976896823, 0.6763650042503209, 0.6873159022746079, 0.7205352280789721, 0.7079692136732959, 0.7077145851571182, 0.7239401238533132, 0.6897312836376616]
Yoruba;topic;mBERT + distant + cm-smooth;700;0.7132010404657095;0.0056532586822260755;[12345,12346,12347,12348,12349,12350,12351,12352,12353,12354];[0.7355085218921402, 0.7249131631726703, 0.7264853268820304, 0.6974117423616668, 0.7155421349269272, 0.7086197373539199, 0.7259597725854665, 0.6902445348085758, 0.7285338796458992, 0.6787915910277994]
Yoruba;topic;mBERT + distant + cm-smooth;900;0.7223272219220994;0.003511230604233406;[12345,12346,12347,12348,12349,12350,12351,12352,12353,12354];[0.6972922385815276, 0.7223091589637015, 0.7271591250969305, 0.7250287244674649, 0.7324994675014812, 0.7239947525039522, 0.718442132835067, 0.709121454594686, 0.7305123007652383, 0.7369128639109448]
Yoruba;topic;mBERT + distant + cm-smooth;1339;0.7421023533180098;0.0031618476598280778;[12345,12346,12347,12348,12349,12350,12351,12352,12353,12354];[0.7524186750201725, 0.7627606156569031, 0.7276908759030281, 0.7386758979693, 0.7333498206755352, 0.7498431122583192, 0.744219744900909, 0.7369103978240567, 0.7419467773712133, 0.7332076156006603]
Hausa;NER;XLM-RoBERTa;10;0.44279245606817597;0.01774933749014633;[12345,12346,12347,12348,12349,12350,12351,12352,12353,12354];[0.36094674556213013, 0.5329087048832272, 0.47992164544564153, 0.47609756097560973, 0.39162303664921466, 0.4227129337539432, 0.49210770659238623, 0.4216216216216216, 0.4868835257082896, 0.3631010794896958]
Hausa;NER;XLM-RoBERTa;100;0.6351207717006055;0.016759496777148445;[12345,12346,12347,12348,12349,12350,12351,12352,12353,12354];[0.5524156791248861, 0.6938388625592418, 0.638811513463324, 0.605009633911368, 0.7056530214424951, 0.6168051708217914, 0.6971109040074557, 0.6032315978456013, 0.6748466257668712, 0.5634847080630213]
Hausa;NER;XLM-RoBERTa;250;0.7400740581395543;0.004638918868857814;[12345,12346,12347,12348,12349,12350,12351,12352,12353,12354];[0.7492850333651097, 0.7640878701050621, 0.747628083491461, 0.7174119885823026, 0.7618147448015123, 0.7260663507109004, 0.7276227141482194, 0.7309090909090908, 0.7367424242424243, 0.7391722810394611]
Hausa;NER;XLM-RoBERTa;400;0.7667878997434239;0.0074280858462427105;[12345,12346,12347,12348,12349,12350,12351,12352,12353,12354];[0.7529411764705882, 0.8236434108527131, 0.7509225092250922, 0.7545787545787547, 0.7626962142197599, 0.7912297426120115, 0.7666034155597723, 0.7511737089201878, 0.7749999999999999, 0.7390900649953573]
Hausa;NER;XLM-RoBERTa;650;0.8093603160575882;0.0042713022370787085;[12345,12346,12347,12348,12349,12350,12351,12352,12353,12354];[0.7924170616113743, 0.8213283442469597, 0.8066083576287658, 0.8093896713615024, 0.8045757864632982, 0.7795957651588066, 0.8165569143932266, 0.817752596789424, 0.8229665071770333, 0.822412155745489]
Hausa;NER;XLM-RoBERTa;800;0.8341186095462463;0.0034605457194617994;[12345,12346,12347,12348,12349,12350,12351,12352,12353,12354];[0.8334901222953904, 0.8490566037735849, 0.8302618816682832, 0.8124392614188533, 0.842504743833017, 0.8346007604562737, 0.8461538461538461, 0.8248803827751197, 0.843601895734597, 0.8241965973534972]
Hausa;NER;XLM-RoBERTa;1013;0.8450263137556846;0.003832024936875252;[12345,12346,12347,12348,12349,12350,12351,12352,12353,12354];[0.8396946564885496, 0.8446969696969696, 0.847036328871893, 0.8579710144927537, 0.83984375, 0.8248803827751197, 0.8387715930902112, 0.8331726133076182, 0.8560533841754051, 0.8681424446583254]
Hausa;NER;XLM-RoBERTa full-dev-set;10;0.46356458438733406;0.015209868623829215;[12345,12346,12347,12348,12349,12350,12351,12352,12353,12354];[0.512396694214876, 0.5353319057815846, 0.4930417495029821, 0.47609756097560973, 0.4161490683229813, 0.425311203319502, 0.4891696750902527, 0.46520874751491054, 0.46033300685602346, 0.3626062322946175]
Hausa;NER;XLM-RoBERTa full-dev-set;100;0.6608334364116935;0.015295758415702087;[12345,12346,12347,12348,12349,12350,12351,12352,12353,12354];[0.5793357933579336, 0.6938388625592418, 0.6824385805277524, 0.6376811594202898, 0.7078341013824886, 0.658513640639699, 0.7231638418079097, 0.6699218750000001, 0.6839186691312384, 0.5716878402903812]
Hausa;NER;XLM-RoBERTa full-dev-set;250;0.756619147204392;0.004877835696028966;[12345,12346,12347,12348,12349,12350,12351,12352,12353,12354];[0.7492850333651097, 0.7735321528424975, 0.7550047664442325, 0.7174119885823026, 0.7618147448015123, 0.7649253731343283, 0.7619047619047618, 0.7726829268292683, 0.7473583093179635, 0.7622714148219443]
Hausa;NER;XLM-RoBERTa full-dev-set;400;0.7840389933632114;0.00535742818546988;[12345,12346,12347,12348,12349,12350,12351,12352,12353,12354];[0.7775665399239544, 0.8236434108527131, 0.7901234567901234, 0.7744916820702403, 0.7696577243293248, 0.7912297426120115, 0.7666034155597723, 0.8015194681861347, 0.7749999999999999, 0.7705544933078394]
Hausa;NER;XLM-RoBERTa full-dev-set;650;0.8067067779019783;0.004707086355135045;[12345,12346,12347,12348,12349,12350,12351,12352,12353,12354];[0.8178368121442124, 0.8213283442469597, 0.7954110898661568, 0.7984718242597899, 0.7966417910447763, 0.7795957651588066, 0.7932647333956968, 0.8191387559808612, 0.8229665071770333, 0.822412155745489]
Hausa;NER;XLM-RoBERTa full-dev-set;800;0.8361883025501158;0.004022694723186199;[12345,12346,12347,12348,12349,12350,12351,12352,12353,12354];[0.8334901222953904, 0.8490566037735849, 0.8351012536162006, 0.8124392614188533, 0.8507751937984496, 0.8196411709159583, 0.8461538461538461, 0.8248803827751197, 0.843601895734597, 0.8467432950191571]
Hausa;NER;XLM-RoBERTa full-dev-set;1013;0.8450263137556846;0.003832024936875252;[12345,12346,12347,12348,12349,12350,12351,12352,12353,12354];[0.8396946564885496, 0.8446969696969696, 0.847036328871893, 0.8579710144927537, 0.83984375, 0.8248803827751197, 0.8387715930902112, 0.8331726133076182, 0.8560533841754051, 0.8681424446583254]
Hausa;NER;XLM-RoBERTa (no DATE label);10;0.46175955236509214;0.01860946632841649;[12345,12346,12347,12348,12349,12350,12351,12352,12353,12354];[0.45, 0.5373493975903615, 0.4505494505494505, 0.349553128103277, 0.5364077669902912, 0.3965303593556382, 0.43843843843843844, 0.5093896713615023, 0.5139896373056995, 0.4353876739562625]
Hausa;NER;XLM-RoBERTa (no DATE label);100;0.6637096249037232;0.02467585229365719;[12345,12346,12347,12348,12349,12350,12351,12352,12353,12354];[0.5638297872340426, 0.7139874739039666, 0.6903991370010788, 0.6745435016111708, 0.721919302071974, 0.658922914466737, 0.6730975348338692, 0.7700421940928269, 0.6862106406080347, 0.4841437632135307]
Hausa;NER;XLM-RoBERTa (no DATE label);250;0.7561121543672218;0.012052321292648828;[12345,12346,12347,12348,12349,12350,12351,12352,12353,12354];[0.7911832946635732, 0.8066666666666666, 0.7664399092970522, 0.764505119453925, 0.7876106194690267, 0.7323340471092077, 0.6806629834254144, 0.7872582480091013, 0.7173913043478262, 0.727069351230425]
Hausa;NER;XLM-RoBERTa (no DATE label);400;0.7925540524555421;0.0065007948422545914;[12345,12346,12347,12348,12349,12350,12351,12352,12353,12354];[0.7821350762527232, 0.8190899001109878, 0.7910447761194029, 0.7928730512249443, 0.7960741548527808, 0.7673649393605293, 0.7834394904458598, 0.8382022471910112, 0.7864184008762322, 0.7688984881209502]
Hausa;NER;XLM-RoBERTa (no DATE label);650;0.8243510710699862;0.004400174069280904;[12345,12346,12347,12348,12349,12350,12351,12352,12353,12354];[0.8448844884488449, 0.8353591160220993, 0.8149829738933031, 0.8140814081408141, 0.8249721293199554, 0.8094701240135287, 0.8179824561403509, 0.8126361655773419, 0.8173719376391982, 0.8517699115044248]
Hausa;NER;XLM-RoBERTa (no DATE label);800;0.850088024805703;0.0032434155511420776;[12345,12346,12347,12348,12349,12350,12351,12352,12353,12354];[0.8461538461538461, 0.8584169453734671, 0.8377192982456141, 0.8458149779735683, 0.8561721404303511, 0.832214765100671, 0.8584070796460178, 0.8446389496717724, 0.853038674033149, 0.8683035714285714]
Hausa;NER;XLM-RoBERTa (no DATE label);1013;0.8546877075693032;0.003128079187292062;[12345,12346,12347,12348,12349,12350,12351,12352,12353,12354];[0.843612334801762, 0.8502202643171806, 0.8619909502262444, 0.849438202247191, 0.8430296377607025, 0.8726042841037204, 0.853658536585366, 0.8439955106621774, 0.8629213483146069, 0.8654060066740823]
Hausa;NER;XLM-RoBERTa + en-data (zero-shot);0;0.64;0;[12345];[0.64]
Hausa;NER;XLM-RoBERTa + en-data (few-shot);10;0.7265938341426604;0.004854465007279312;[12345,12346,12347,12348,12349,12350,12351,12352,12353,12354];[0.7046186895810955, 0.7307692307692306, 0.7292576419213974, 0.7144362486828241, 0.7181628392484342, 0.7483870967741936, 0.75, 0.7082035306334371, 0.7417640807651434, 0.7203389830508474]
Hausa;NER;XLM-RoBERTa + en-data (few-shot);100;0.7412693830642885;0.005264429327354348;[12345,12346,12347,12348,12349,12350,12351,12352,12353,12354];[0.7597765363128491, 0.7234927234927234, 0.7403545359749739, 0.7189409368635439, 0.7311608961303463, 0.7263267429760667, 0.7322175732217572, 0.7514677103718198, 0.7609561752988048, 0.768]
Hausa;NER;XLM-RoBERTa + en-data (few-shot);250;0.7915644933172633;0.0025076820425867638;[12345,12346,12347,12348,12349,12350,12351,12352,12353,12354];[0.781869688385269, 0.7949951876804621, 0.7902163687676388, 0.7760314341846759, 0.801564027370479, 0.7920792079207921, 0.7850834151128558, 0.796477495107632, 0.796135265700483, 0.8011928429423459]
Hausa;NER;XLM-RoBERTa + en-data (few-shot);400;0.7807032011874935;0.005590797420904397;[12345,12346,12347,12348,12349,12350,12351,12352,12353,12354];[0.7487684729064039, 0.7984420642648492, 0.7684918347742555, 0.759469696969697, 0.7766059443911794, 0.7949465500485907, 0.7871720116618076, 0.8108632395732299, 0.7779960707269155, 0.7842761265580058]
Hausa;NER;XLM-RoBERTa + en-data (few-shot);650;0.8053711728470756;0.00489330874053571;[12345,12346,12347,12348,12349,12350,12351,12352,12353,12354];[0.7954329210275928, 0.8019323671497584, 0.8237547892720307, 0.8046647230320699, 0.8190661478599222, 0.7924170616113743, 0.8126801152737753, 0.8289345063538612, 0.8003857280617165, 0.7744433688286545]
Hausa;NER;XLM-RoBERTa + en-data (few-shot);800;0.8348671091953573;0.0022295829141169786;[12345,12346,12347,12348,12349,12350,12351,12352,12353,12354];[0.8447444551591128, 0.8406647116324536, 0.8398009950248755, 0.8371174728529122, 0.8365758754863812, 0.828125, 0.8242303872889772, 0.8292220113851992, 0.8256704980842912, 0.84251968503937]
Hausa;NER;XLM-RoBERTa + en-data (few-shot);1013;0.8440533524164;0.00323482124701669;[12345,12346,12347,12348,12349,12350,12351,12352,12353,12354];[0.8447444551591128, 0.8330058939096268, 0.830945558739255, 0.8428158148505304, 0.8510223953261928, 0.8608094768015794, 0.8599221789883269, 0.8330097087378641, 0.8376560999039385, 0.8466019417475728]
Hausa;NER;XLM-RoBERTa + distant;10;0.5557643595144619;0.025801363277350088;[12345,12346,12347,12348,12349,12350,12351,12352,12353,12354];[0.3354166666666667, 0.6483180428134556, 0.6016713091922006, 0.5849056603773586, 0.5884732052578362, 0.6199052132701421, 0.5324427480916032, 0.538232373386296, 0.5692158760890609, 0.5390625]
Hausa;NER;XLM-RoBERTa + distant;100;0.680350496377985;0.007956426611725312;[12345,12346,12347,12348,12349,12350,12351,12352,12353,12354];[0.6920289855072462, 0.6983471074380164, 0.6697848456501403, 0.6491405460060669, 0.7355623100303952, 0.6693877551020408, 0.6973947895791583, 0.6631016042780749, 0.6482889733840305, 0.6804680468046805]
Hausa;NER;XLM-RoBERTa + distant;250;0.7154892778292166;0.006945206049873496;[12345,12346,12347,12348,12349,12350,12351,12352,12353,12354];[0.725868725868726, 0.7172011661807581, 0.7214700193423598, 0.6962962962962962, 0.7181996086105675, 0.6697163769441904, 0.7536231884057971, 0.7, 0.714422158548233, 0.7380952380952381]
Hausa;NER;XLM-RoBERTa + distant;400;0.7590314577644557;0.009873675081774322;[12345,12346,12347,12348,12349,12350,12351,12352,12353,12354];[0.7942028985507247, 0.7589453860640302, 0.770949720670391, 0.760643330179754, 0.7857829010566764, 0.6963636363636363, 0.7700934579439253, 0.7039215686274509, 0.7807692307692308, 0.768642447418738]
Hausa;NER;XLM-RoBERTa + distant;650;0.7835564001093657;0.0039101533624842175;[12345,12346,12347,12348,12349,12350,12351,12352,12353,12354];[0.7696682464454977, 0.8015122873345937, 0.7923076923076923, 0.7766990291262136, 0.7844588344125809, 0.7633885102239533, 0.7775700934579439, 0.7757009345794393, 0.7999999999999999, 0.7942583732057417]
Hausa;NER;XLM-RoBERTa + distant;800;0.8035515546019442;0.004046735132135807;[12345,12346,12347,12348,12349,12350,12351,12352,12353,12354];[0.78196872125115, 0.8083097261567516, 0.8033550792171482, 0.7957813998082456, 0.8142444658325313, 0.8136882129277566, 0.8146013448607109, 0.7800751879699249, 0.8174077578051089, 0.806083650190114]
Hausa;NER;XLM-RoBERTa + distant;1013;0.8087409235432332;0.0023783957380727272;[12345,12346,12347,12348,12349,12350,12351,12352,12353,12354];[0.8244422890397672, 0.8097014925373134, 0.8116760828625235, 0.8037558685446009, 0.8088642659279778, 0.8125594671741199, 0.7962085308056873, 0.810760667903525, 0.798528058877645, 0.8109125117591722]
Hausa;NER;XLM-RoBERTa + distant + cm;10;0.45841809523353305;0.025053960637294048;[12345,12346,12347,12348,12349,12350,12351,12352,12353,12354];[0.3633093525179856, 0.5366336633663367, 0.5348837209302325, 0.3687374749498998, 0.48192771084337355, 0.4643478260869565, 0.3491204330175914, 0.548162859980139, 0.5489177489177489, 0.3881401617250674]
Hausa;NER;XLM-RoBERTa + distant + cm;100;0.6749357940893062;0.006451537715075872;[12345,12346,12347,12348,12349,12350,12351,12352,12353,12354];[0.6643356643356643, 0.6942446043165468, 0.6596119929453264, 0.6887892376681615, 0.6914700544464609, 0.6801099908340972, 0.7111534795042898, 0.6561125769569041, 0.662020905923345, 0.6415094339622642]
Hausa;NER;XLM-RoBERTa + distant + cm;250;0.72908804472039;0.008394999324171403;[12345,12346,12347,12348,12349,12350,12351,12352,12353,12354];[0.7467980295566504, 0.7497527200791296, 0.7315689981096408, 0.699909338168631, 0.7458256029684601, 0.7213740458015266, 0.7166361974405849, 0.7767584097859328, 0.6774774774774774, 0.7247796278158668]
Hausa;NER;XLM-RoBERTa + distant + cm;400;0.7626510354188285;0.0050923973951612;[12345,12346,12347,12348,12349,12350,12351,12352,12353,12354];[0.7762645914396888, 0.7718960538979789, 0.7705544933078394, 0.7276084949215144, 0.7554671968190855, 0.76993583868011, 0.7782888684452622, 0.7411652340019101, 0.7584215591915303, 0.776908023483366]
Hausa;NER;XLM-RoBERTa + distant + cm;650;0.7965509224254419;0.00324179703663303;[12345,12346,12347,12348,12349,12350,12351,12352,12353,12354];[0.7861271676300579, 0.7976766698935139, 0.7899159663865545, 0.7838827838827839, 0.8039024390243902, 0.7919847328244275, 0.8136882129277566, 0.8115942028985508, 0.8011583011583011, 0.7855787476280834]
Hausa;NER;XLM-RoBERTa + distant + cm;800;0.8128372916750969;0.003690793507911034;[12345,12346,12347,12348,12349,12350,12351,12352,12353,12354];[0.8030447193149381, 0.8101265822784811, 0.830739299610895, 0.7962441314553991, 0.8060263653483992, 0.7996237064910631, 0.815311004784689, 0.8217349857006673, 0.8317025440313113, 0.8138195777351247]
Hausa;NER;XLM-RoBERTa + distant + cm;1013;0.8130855592306684;0.004077636255809781;[12345,12346,12347,12348,12349,12350,12351,12352,12353,12354];[0.8071833648393194, 0.7950664136622391, 0.8211538461538462, 0.8212927756653993, 0.8082191780821918, 0.8048327137546468, 0.7999999999999999, 0.8416988416988418, 0.8218390804597702, 0.8095693779904307]
Hausa;NER;XLM-RoBERTa + distant + cm-smooth;10;0.5063140080347;0.018936700382586675;[12345,12346,12347,12348,12349,12350,12351,12352,12353,12354];[0.5195797516714423, 0.5625587958607714, 0.5747863247863249, 0.4563279857397504, 0.5664403491755577, 0.532093023255814, 0.4066390041493776, 0.5096241979835013, 0.5311909262759924, 0.4038997214484679]
Hausa;NER;XLM-RoBERTa + distant + cm-smooth;100;0.6780497293718171;0.00606899118863371;[12345,12346,12347,12348,12349,12350,12351,12352,12353,12354];[0.6696669666966697, 0.7041984732824428, 0.6852017937219731, 0.6709558823529411, 0.6877828054298641, 0.6708520179372197, 0.6966696669666966, 0.6883720930232559, 0.6759002770083102, 0.6308973172987975]
Hausa;NER;XLM-RoBERTa + distant + cm-smooth;250;0.7200433914044535;0.005972613312741181;[12345,12346,12347,12348,12349,12350,12351,12352,12353,12354];[0.7381642512077295, 0.7185398655139289, 0.6960514233241506, 0.7301275760549557, 0.7362428842504743, 0.7006610009442871, 0.7264150943396227, 0.7519685039370079, 0.6925858951175408, 0.7096774193548386]
Hausa;NER;XLM-RoBERTa + distant + cm-smooth;400;0.7630746504540457;0.007009801586232643;[12345,12346,12347,12348,12349,12350,12351,12352,12353,12354];[0.7665369649805447, 0.7705382436260624, 0.7790055248618785, 0.7246925260170294, 0.7269230769230769, 0.7834843907351461, 0.796039603960396, 0.7614678899082569, 0.7732342007434945, 0.748824082784572]
Hausa;NER;XLM-RoBERTa + distant + cm-smooth;650;0.790858097888663;0.00418934417177205;[12345,12346,12347,12348,12349,12350,12351,12352,12353,12354];[0.7872954764196343, 0.7923444976076556, 0.7969639468690702, 0.7669172932330828, 0.8083491461100569, 0.7881679389312977, 0.7730294396961064, 0.7848101265822786, 0.8099331423113658, 0.8007699711260826]
Hausa;NER;XLM-RoBERTa + distant + cm-smooth;800;0.8118867290898744;0.0042578879322221755;[12345,12346,12347,12348,12349,12350,12351,12352,12353,12354];[0.814176245210728, 0.8022813688212929, 0.806850618458611, 0.7808988764044944, 0.8225190839694656, 0.8041627246925259, 0.8274547187797903, 0.8174757281553398, 0.8145315487571702, 0.8285163776493255]
Hausa;NER;XLM-RoBERTa + distant + cm-smooth;1013;0.8204600359908504;0.0016891710478193472;[12345,12346,12347,12348,12349,12350,12351,12352,12353,12354];[0.8109640831758034, 0.8158640226628895, 0.8177434908389586, 0.823069403714565, 0.8160152526215443, 0.8289855072463769, 0.8263821532492726, 0.8231884057971015, 0.8246445497630331, 0.8177434908389586]
Yoruba;NER;mBERT;10;0.45123573512782933;0.010136350374149741;[12345,12346,12347,12348,12349,12350,12351,12352,12353,12354];[0.44725738396624476, 0.4558521560574949, 0.4556962025316456, 0.48065173116089616, 0.40084388185654013, 0.5152838427947598, 0.47807017543859653, 0.4194260485651214, 0.4248496993987976, 0.4344262295081967]
Yoruba;NER;mBERT;100;0.58064858091242;0.008297254209224402;[12345,12346,12347,12348,12349,12350,12351,12352,12353,12354];[0.5761124121779859, 0.5666666666666667, 0.6357615894039734, 0.6029723991507431, 0.5803757828810021, 0.5978021978021978, 0.5826086956521739, 0.5701559020044543, 0.5622119815668203, 0.5318181818181819]
Yoruba;NER;mBERT;250;0.6390491472669397;0.00609393896086456;[12345,12346,12347,12348,12349,12350,12351,12352,12353,12354];[0.6611909650924026, 0.644880174291939, 0.634920634920635, 0.6512605042016806, 0.6491228070175438, 0.6188340807174888, 0.6040268456375839, 0.6153846153846155, 0.6457023060796646, 0.6651685393258427]
Yoruba;NER;mBERT;400;0.6741868127960295;0.004501452144863477;[12345,12346,12347,12348,12349,12350,12351,12352,12353,12354];[0.6666666666666666, 0.6738660907127431, 0.6712328767123288, 0.6666666666666666, 0.6899563318777292, 0.6857142857142857, 0.677345537757437, 0.6958525345622121, 0.6419213973799126, 0.6726457399103138]
Yoruba;NER;mBERT;650;0.6936048890307072;0.005845511578372325;[12345,12346,12347,12348,12349,12350,12351,12352,12353,12354];[0.6936936936936936, 0.7093821510297483, 0.6681818181818182, 0.67420814479638, 0.6874999999999999, 0.7035398230088497, 0.6800894854586129, 0.7316017316017316, 0.6800894854586129, 0.7077625570776256]
Yoruba;NER;mBERT;815;0.6936549385072137;0.005225928520860693;[12345,12346,12347,12348,12349,12350,12351,12352,12353,12354];[0.7013574660633484, 0.6905829596412556, 0.6880733944954128, 0.6986301369863014, 0.6958637469586375, 0.6681614349775785, 0.7022222222222223, 0.7224669603524229, 0.7056179775280899, 0.6635730858468678]
Yoruba;NER;mBERT distilled;10;0.31448572906329325;0.01853339195616353;[12345,12346,12347,12348,12349,12350,12351,12352,12353,12354];[0.3599088838268793, 0.23655913978494622, 0.3039399624765478, 0.4046511627906976, 0.3701923076923077, 0.2684563758389261, 0.3422982885085575, 0.24271844660194172, 0.3661327231121282, 0.25]
Yoruba;NER;mBERT distilled;100;0.5473408038482932;0.007208321938182199;[12345,12346,12347,12348,12349,12350,12351,12352,12353,12354];[0.58980044345898, 0.5315315315315315, 0.5502183406113537, 0.5418502202643171, 0.5384615384615385, 0.5205479452054794, 0.5796460176991151, 0.5652173913043478, 0.5381165919282512, 0.518018018018018]
Yoruba;NER;mBERT distilled;250;0.6229700225807211;0.006303928839553195;[12345,12346,12347,12348,12349,12350,12351,12352,12353,12354];[0.6452991452991453, 0.6550976138828634, 0.6247288503253797, 0.6236559139784946, 0.5943600867678959, 0.6078886310904873, 0.6345733041575493, 0.5902335456475584, 0.6357615894039734, 0.6181015452538632]
Yoruba;NER;mBERT distilled;400;0.6478458565374393;0.0029322502041957328;[12345,12346,12347,12348,12349,12350,12351,12352,12353,12354];[0.6666666666666666, 0.6498855835240274, 0.6353467561521253, 0.6484018264840182, 0.639269406392694, 0.6378132118451024, 0.6408602150537634, 0.6526806526806528, 0.6575342465753424, 0.65]
Yoruba;NER;mBERT distilled;650;0.6752541938958951;0.004312021137530016;[12345,12346,12347,12348,12349,12350,12351,12352,12353,12354];[0.6711409395973156, 0.6787330316742081, 0.6666666666666667, 0.701123595505618, 0.6877828054298644, 0.6818181818181818, 0.6682242990654206, 0.6588235294117647, 0.6534216335540839, 0.6848072562358276]
Yoruba;NER;mBERT distilled;815;0.6828217140023696;0.004065858281957185;[12345,12346,12347,12348,12349,12350,12351,12352,12353,12354];[0.6968325791855203, 0.6818181818181818, 0.6836027713625867, 0.6902654867256637, 0.6848072562358276, 0.6819221967963387, 0.6547085201793723, 0.691764705882353, 0.6651270207852195, 0.6973684210526315]
Yoruba;NER;mBERT full-dev-set;10;0.4647239113769091;0.009089497065616604;[12345,12346,12347,12348,12349,12350,12351,12352,12353,12354];[0.4795081967213115, 0.45306122448979597, 0.4790419161676647, 0.4847250509164969, 0.4000000000000001, 0.5152838427947598, 0.47391304347826085, 0.4493392070484581, 0.44948453608247424, 0.462882096069869]
Yoruba;NER;mBERT full-dev-set;100;0.6021760576351303;0.006389684555961156;[12345,12346,12347,12348,12349,12350,12351,12352,12353,12354];[0.5831435079726651, 0.5987261146496815, 0.6357615894039734, 0.6284501061571126, 0.6134969325153373, 0.6102449888641425, 0.5635593220338984, 0.6031042128603104, 0.5892473118279569, 0.5960264900662251]
Yoruba;NER;mBERT full-dev-set;250;0.6455686620765704;0.005486098868550253;[12345,12346,12347,12348,12349,12350,12351,12352,12353,12354];[0.6639004149377594, 0.644880174291939, 0.6487695749440716, 0.6581740976645436, 0.6508620689655172, 0.6486486486486486, 0.5969498910675382, 0.6425531914893619, 0.6457023060796646, 0.6552462526766595]
Yoruba;NER;mBERT full-dev-set;400;0.6668374005696862;0.0071595182249915845;[12345,12346,12347,12348,12349,12350,12351,12352,12353,12354];[0.6533333333333332, 0.6884531590413944, 0.6712328767123288, 0.6666666666666666, 0.6441441441441441, 0.6857142857142857, 0.6780383795309168, 0.693446088794926, 0.6146993318485523, 0.6726457399103138]
Yoruba;NER;mBERT full-dev-set;650;0.6925534039651465;0.0056734248094755125;[12345,12346,12347,12348,12349,12350,12351,12352,12353,12354];[0.6936936936936936, 0.7093821510297483, 0.6681818181818182, 0.67420814479638, 0.6874999999999999, 0.7035398230088497, 0.6800894854586129, 0.7316017316017316, 0.6800894854586129, 0.6972477064220184]
Yoruba;NER;mBERT full-dev-set;815;0.6936549385072137;0.005225928520860693;[12345,12346,12347,12348,12349,12350,12351,12352,12353,12354];[0.7013574660633484, 0.6905829596412556, 0.6880733944954128, 0.6986301369863014, 0.6958637469586375, 0.6681614349775785, 0.7022222222222223, 0.7224669603524229, 0.7056179775280899, 0.6635730858468678]
Yoruba;NER;mBERT (no DATE label);10;0.4981590948835251;0.009922787902303713;[12345,12346,12347,12348,12349,12350,12351,12352,12353,12354];[0.5309278350515464, 0.508108108108108, 0.4653739612188365, 0.4999999999999999, 0.4678362573099415, 0.5602240896358543, 0.4529262086513995, 0.49856733524355307, 0.4791086350974931, 0.5185185185185185]
Yoruba;NER;mBERT (no DATE label);100;0.5432084834429861;0.012035052661583303;[12345,12346,12347,12348,12349,12350,12351,12352,12353,12354];[0.5976331360946746, 0.5360230547550432, 0.5144508670520231, 0.5575757575757576, 0.5737265415549597, 0.5923913043478262, 0.5096952908587258, 0.5649717514124294, 0.5071225071225071, 0.478494623655914]
Yoruba;NER;mBERT (no DATE label);250;0.650125446833352;0.008489402147285465;[12345,12346,12347,12348,12349,12350,12351,12352,12353,12354];[0.6684931506849314, 0.6377551020408164, 0.6588921282798833, 0.6575342465753425, 0.6528497409326425, 0.6348314606741572, 0.631578947368421, 0.5989304812834225, 0.6521739130434784, 0.7082152974504249]
Yoruba;NER;mBERT (no DATE label);400;0.681088157399533;0.004310451328908016;[12345,12346,12347,12348,12349,12350,12351,12352,12353,12354];[0.6685082872928177, 0.7038123167155425, 0.6724137931034484, 0.6842105263157895, 0.7023809523809523, 0.6819484240687679, 0.6590909090909092, 0.6878612716763005, 0.680232558139535, 0.6704225352112675]
Yoruba;NER;mBERT (no DATE label);650;0.6904842943218247;0.003940953230467586;[12345,12346,12347,12348,12349,12350,12351,12352,12353,12354];[0.6934097421203439, 0.6869806094182825, 0.6954022988505747, 0.69164265129683, 0.7108433734939759, 0.6840579710144928, 0.6882352941176472, 0.7028571428571428, 0.6606060606060606, 0.6908077994428969]
Yoruba;NER;mBERT (no DATE label);815;0.7133411430455274;0.0038892015078320664;[12345,12346,12347,12348,12349,12350,12351,12352,12353,12354];[0.6869806094182825, 0.71976401179941, 0.7134831460674157, 0.7142857142857142, 0.7272727272727272, 0.7218934911242604, 0.6968838526912181, 0.7098591549295775, 0.7146974063400575, 0.7282913165266106]
Yoruba;NER;mBERT + en-data (zero-shot);0;0.5736434108527131;0;[12345];[0.5736434108527131]
Yoruba;NER;mBERT + en-data (few-shot);10;0.6765853032524064;0.006349424807989293;[12345,12346,12347,12348,12349,12350,12351,12352,12353,12354];[0.6837060702875399, 0.6763005780346821, 0.6842105263157895, 0.6595744680851063, 0.7102803738317757, 0.6609195402298851, 0.7041420118343196, 0.6805970149253732, 0.6666666666666666, 0.6394557823129251]
Yoruba;NER;mBERT + en-data (few-shot);100;0.6880048827216383;0.0068241721927909255;[12345,12346,12347,12348,12349,12350,12351,12352,12353,12354];[0.7155425219941349, 0.6741573033707865, 0.6625386996904024, 0.6805970149253732, 0.6729559748427673, 0.6818181818181818, 0.7228915662650601, 0.658307210031348, 0.7025316455696202, 0.7087087087087087]
Yoruba;NER;mBERT + en-data (few-shot);250;0.7135023480179772;0.00724550307336927;[12345,12346,12347,12348,12349,12350,12351,12352,12353,12354];[0.6797752808988763, 0.6866485013623977, 0.7178082191780822, 0.6963788300835654, 0.7445652173913043, 0.7005649717514124, 0.7492957746478873, 0.7119565217391304, 0.709141274238227, 0.738888888888889]
Yoruba;NER;mBERT + en-data (few-shot);400;0.69832443787202;0.011195930829301995;[12345,12346,12347,12348,12349,12350,12351,12352,12353,12354];[0.6290801186943621, 0.7087912087912089, 0.7072463768115941, 0.7520891364902508, 0.6927710843373494, 0.6506024096385542, 0.7076023391812866, 0.680722891566265, 0.7150837988826816, 0.7392550143266475]
Yoruba;NER;mBERT + en-data (few-shot);650;0.710245193324693;0.003848466779137458;[12345,12346,12347,12348,12349,12350,12351,12352,12353,12354];[0.6983240223463687, 0.7228915662650601, 0.7179487179487181, 0.7191011235955056, 0.6976744186046512, 0.7038123167155425, 0.7159763313609467, 0.6882352941176472, 0.7102272727272727, 0.7282608695652174]
Yoruba;NER;mBERT + en-data (few-shot);815;0.7106637008891268;0.00466179931700247;[12345,12346,12347,12348,12349,12350,12351,12352,12353,12354];[0.699421965317919, 0.7096774193548386, 0.6884272997032641, 0.7013698630136986, 0.7098591549295775, 0.7175141242937852, 0.7204610951008645, 0.7011494252873562, 0.7456647398843931, 0.7130919220055709]
Yoruba;NER;mBERT + distant;10;0.5247019631453583;0.011004121925811638;[12345,12346,12347,12348,12349,12350,12351,12352,12353,12354];[0.5120772946859904, 0.5435244161358811, 0.5202312138728324, 0.48172043010752685, 0.5193621867881549, 0.5635593220338984, 0.5147679324894515, 0.5982905982905984, 0.5203252032520325, 0.47316103379721675]
Yoruba;NER;mBERT + distant;100;0.6177777046025297;0.008549909995591323;[12345,12346,12347,12348,12349,12350,12351,12352,12353,12354];[0.6503340757238307, 0.6249999999999999, 0.6331236897274634, 0.5569620253164557, 0.6016597510373444, 0.6107784431137725, 0.5928705440900564, 0.6300211416490487, 0.6257668711656442, 0.6512605042016806]
Yoruba;NER;mBERT + distant;250;0.6340937830629685;0.008606679139904672;[12345,12346,12347,12348,12349,12350,12351,12352,12353,12354];[0.6194690265486725, 0.6038543897216275, 0.5793991416309013, 0.6304801670146138, 0.6496815286624205, 0.6530612244897959, 0.6280623608017818, 0.6812227074235808, 0.6436285097192225, 0.6520787746170678]
Yoruba;NER;mBERT + distant;400;0.6836135652243629;0.010629367780058975;[12345,12346,12347,12348,12349,12350,12351,12352,12353,12354];[0.6722689075630252, 0.6932773109243697, 0.6832298136645963, 0.6046511627906977, 0.6852248394004282, 0.7103594080338267, 0.6839826839826841, 0.7260869565217392, 0.6548323471400394, 0.7222222222222222]
Yoruba;NER;mBERT + distant;650;0.7015921736116784;0.005209868385314898;[12345,12346,12347,12348,12349,12350,12351,12352,12353,12354];[0.6809421841541755, 0.7094017094017094, 0.6681715575620767, 0.6891891891891893, 0.7045454545454546, 0.7008928571428571, 0.7248322147651006, 0.7074829931972789, 0.7152317880794701, 0.7152317880794701]
Yoruba;NER;mBERT + distant;815;0.6982212083569702;0.004282746220557391;[12345,12346,12347,12348,12349,12350,12351,12352,12353,12354];[0.7185354691075514, 0.6788990825688074, 0.6997840172786177, 0.6788154897494306, 0.7174887892376681, 0.7089715536105031, 0.6868250539956804, 0.6986301369863014, 0.7021276595744681, 0.6921348314606741]
Yoruba;NER;mBERT + distant + cm;10;0.514154807463535;0.01721127423720623;[12345,12346,12347,12348,12349,12350,12351,12352,12353,12354];[0.5797665369649806, 0.5182341650671786, 0.5896907216494846, 0.47749510763209396, 0.4933586337760911, 0.5663366336633663, 0.5559701492537312, 0.4423791821561338, 0.4919210053859963, 0.42639593908629436]
Yoruba;NER;mBERT + distant + cm;100;0.6182345218979843;0.010185077600171523;[12345,12346,12347,12348,12349,12350,12351,12352,12353,12354];[0.6156862745098038, 0.6050420168067226, 0.5847953216374269, 0.6398390342052315, 0.6463414634146342, 0.6047516198704104, 0.6435845213849287, 0.5497076023391813, 0.6272912423625255, 0.6653061224489796]
Yoruba;NER;mBERT + distant + cm;250;0.6521193117585652;0.009631029920958966;[12345,12346,12347,12348,12349,12350,12351,12352,12353,12354];[0.6136363636363636, 0.6753812636165578, 0.6697247706422018, 0.6892177589852009, 0.6094420600858369, 0.6710816777041942, 0.6361746361746362, 0.6978723404255319, 0.6289592760180994, 0.6297029702970296]
Yoruba;NER;mBERT + distant + cm;400;0.6683107429111279;0.010995971174849715;[12345,12346,12347,12348,12349,12350,12351,12352,12353,12354];[0.6652452025586354, 0.6829268292682926, 0.6482758620689655, 0.6311111111111111, 0.6191536748329621, 0.6738660907127431, 0.6853448275862069, 0.720173535791757, 0.6313465783664459, 0.7256637168141593]
Yoruba;NER;mBERT + distant + cm;650;0.6875129942990912;0.006685357710686126;[12345,12346,12347,12348,12349,12350,12351,12352,12353,12354];[0.6651583710407241, 0.6514806378132117, 0.6774941995359629, 0.691764705882353, 0.6754966887417218, 0.690744920993228, 0.7008928571428571, 0.6948356807511737, 0.7336448598130842, 0.6936170212765956]
Yoruba;NER;mBERT + distant + cm;815;0.6953972276493934;0.006431862051215381;[12345,12346,12347,12348,12349,12350,12351,12352,12353,12354];[0.6946902654867257, 0.6921348314606741, 0.7366071428571429, 0.7110091743119266, 0.6830357142857143, 0.7146067415730337, 0.6592427616926504, 0.6972477064220184, 0.6864988558352402, 0.6788990825688074]
Yoruba;NER;mBERT + distant + cm-smooth;10;0.5626315878708021;0.011069861809998178;[12345,12346,12347,12348,12349,12350,12351,12352,12353,12354];[0.6184738955823293, 0.5650557620817843, 0.5661914460285132, 0.5971943887775552, 0.5125448028673835, 0.545816733067729, 0.5784499054820417, 0.5900990099009901, 0.499054820415879, 0.5534351145038168]
Yoruba;NER;mBERT + distant + cm-smooth;100;0.6455908348035198;0.012413684360391078;[12345,12346,12347,12348,12349,12350,12351,12352,12353,12354];[0.6169772256728777, 0.5742574257425743, 0.6950959488272921, 0.6095238095238096, 0.6357894736842105, 0.6355555555555555, 0.6831275720164609, 0.634453781512605, 0.6652452025586354, 0.7058823529411764]
Yoruba;NER;mBERT + distant + cm-smooth;250;0.6716771664396459;0.008571316237566675;[12345,12346,12347,12348,12349,12350,12351,12352,12353,12354];[0.6540880503144655, 0.6680851063829788, 0.6756152125279642, 0.610752688172043, 0.6736401673640167, 0.681912681912682, 0.7236842105263157, 0.6624203821656051, 0.6913043478260869, 0.6752688172043011]
Yoruba;NER;mBERT + distant + cm-smooth;400;0.6794160965364762;0.009906291556630534;[12345,12346,12347,12348,12349,12350,12351,12352,12353,12354];[0.6769230769230768, 0.6758620689655171, 0.6638115631691649, 0.6786516853932585, 0.7048832271762209, 0.7071583514099783, 0.7114967462039046, 0.7015250544662309, 0.5981735159817352, 0.6756756756756757]
Yoruba;NER;mBERT + distant + cm-smooth;650;0.6895229528775995;0.006198123025166283;[12345,12346,12347,12348,12349,12350,12351,12352,12353,12354];[0.6828193832599119, 0.7029478458049887, 0.6956521739130436, 0.6607538802660753, 0.6498855835240274, 0.6945054945054945, 0.6995708154506439, 0.7056367432150313, 0.6859688195991092, 0.7174887892376681]
Yoruba;NER;mBERT + distant + cm-smooth;815;0.6783863669865011;0.007885354948164554;[12345,12346,12347,12348,12349,12350,12351,12352,12353,12354];[0.6431718061674009, 0.7328918322295807, 0.690423162583519, 0.6609808102345415, 0.6636971046770601, 0.702355460385439, 0.671264367816092, 0.6812227074235808, 0.6526315789473685, 0.6852248394004282]
isiXhosa;NER;XLM-RoBERTa;10;0.3014343794236379;0.011000398949282113;[12345,12346,12347,12348,12349,12350,12351,12352,12353,12354];[0.33427406710567575, 0.3310344827586207, 0.26706231454005935, 0.3171753441053261, 0.28061911170928666, 0.3337229690239626, 0.23090338332752006, 0.2715966386554622, 0.3105631456181273, 0.33739233739233737]
isiXhosa;NER;XLM-RoBERTa;100;0.4245083433330075;0.0068139813486732615;[12345,12346,12347,12348,12349,12350,12351,12352,12353,12354];[0.4234404536862004, 0.4108141702921069, 0.4295692665890571, 0.4457958751983077, 0.45603576751117736, 0.43078512396694213, 0.4070857936783605, 0.37860368183397014, 0.4167403477748306, 0.4462129527991218]
isiXhosa;NER;XLM-RoBERTa;250;0.5011869665256166;0.009134862981313096;[12345,12346,12347,12348,12349,12350,12351,12352,12353,12354];[0.4526695054045201, 0.502644030058447, 0.518495872821767, 0.48706771287416445, 0.4507471790179933, 0.5440187189236618, 0.5237954478273722, 0.5066026410564225, 0.5250651984931903, 0.500763358778626]
isiXhosa;NER;XLM-RoBERTa;400;0.5480013595655429;0.003374133011575091;[12345,12346,12347,12348,12349,12350,12351,12352,12353,12354];[0.5542600896860987, 0.5553989286721173, 0.5577275503970679, 0.5509626274065685, 0.5473561882626381, 0.5190489830993985, 0.5553260548834464, 0.5509849362688297, 0.5472238122495707, 0.5417244247296922]
isiXhosa;NER;XLM-RoBERTa;650;0.5425051932909064;0.00191458139239553;[12345,12346,12347,12348,12349,12350,12351,12352,12353,12354];[0.5466390287237193, 0.5518684603886397, 0.5319148936170213, 0.5378006872852233, 0.5431878895814781, 0.5366284201235657, 0.5492834162035684, 0.546521866744937, 0.5371974902898118, 0.5440097799511002]
isiXhosa;NER;XLM-RoBERTa;800;0.5652594245779355;0.005948489673078817;[12345,12346,12347,12348,12349,12350,12351,12352,12353,12354];[0.5739333722969023, 0.5841463414634146, 0.5536547433903577, 0.5386100386100386, 0.584502745576571, 0.544355946168635, 0.5405714285714285, 0.5907710989678203, 0.5630376742806289, 0.5790108564535584]
isiXhosa;NER;XLM-RoBERTa;1500;0.6668618871047868;0.004351375241592458;[12345,12346,12347,12348,12349,12350,12351,12352,12353,12354];[0.6837455830388692, 0.6632124352331608, 0.6556969885128842, 0.6634499396863692, 0.6366739062984796, 0.6889952153110048, 0.6710565698892547, 0.6670665866826634, 0.6656562594725675, 0.6730653869226154]
isiXhosa;NER;XLM-RoBERTa;2000;0.6547358349739677;0.00394803642706059;[12345,12346,12347,12348,12349,12350,12351,12352,12353,12354];[0.6654654654654655, 0.6614457831325301, 0.6654687032045523, 0.6386753400354819, 0.6523473458115986, 0.6529736358062539, 0.6501225490196079, 0.6401969836872885, 0.6413401136703559, 0.679322429906542]
isiXhosa;NER;XLM-RoBERTa;3000;0.6833046546322379;0.003567085202162782;[12345,12346,12347,12348,12349,12350,12351,12352,12353,12354];[0.6931473620375986, 0.6954954954954955, 0.661509900990099, 0.6706138984107198, 0.6959189935563056, 0.6896337678460583, 0.6897173782321107, 0.6713933415536375, 0.680786686838124, 0.6848297213622291]
isiXhosa;NER;XLM-RoBERTa;4000;0.6885687504448201;0.0038794405272618774;[12345,12346,12347,12348,12349,12350,12351,12352,12353,12354];[0.686695278969957, 0.7054500918554808, 0.6745122328894395, 0.6924731182795698, 0.7030716723549488, 0.705187946567257, 0.6801116971765436, 0.6700659868026394, 0.689655172413793, 0.6784643071385723]
isiXhosa;NER;XLM-RoBERTa;5137;0.7135440465410244;0.0034513903727867072;[12345,12346,12347,12348,12349,12350,12351,12352,12353,12354];[0.7206106870229009, 0.7184643510054844, 0.7337170554377461, 0.7012750455373407, 0.6990654205607477, 0.7258898691816246, 0.7038969008898436, 0.7146371463714638, 0.7144607843137255, 0.7034232050893668]
isiXhosa;NER;XLM-RoBERTa + en-data (zero-shot);0;0.0983078162771958;0;[12345];[0.0983078162771958]
isiXhosa;NER;XLM-RoBERTa + en-data (few-shot);10;0.41630405071359017;0.011586415953908389;[12345,12346,12347,12348,12349,12350,12351,12352,12353,12354];[0.37833379158647235, 0.43476005188067446, 0.34569936795823025, 0.42757074810871387, 0.4536301006889242, 0.4564359041853119, 0.37595690388432096, 0.45374566782191417, 0.4340643691256052, 0.40284360189573454]
isiXhosa;NER;XLM-RoBERTa + en-data (few-shot);100;0.48292775343176386;0.006586368655196312;[12345,12346,12347,12348,12349,12350,12351,12352,12353,12354];[0.46004842615012104, 0.5152383433185725, 0.4907792980368828, 0.4643772424397745, 0.4620236530880421, 0.48250066791343843, 0.45636052481460354, 0.4878744650499287, 0.5155181483429774, 0.494556765163297]
isiXhosa;NER;XLM-RoBERTa + en-data (few-shot);250;0.5334891148902476;0.0013426330921680614;[12345,12346,12347,12348,12349,12350,12351,12352,12353,12354];[0.5352924229328725, 0.5387243735763099, 0.5335628227194492, 0.535072463768116, 0.5278396436525613, 0.5307112068965516, 0.539877300613497, 0.5271317829457364, 0.5297207630633121, 0.5369583687340697]
isiXhosa;NER;XLM-RoBERTa + en-data (few-shot);400;0.539965335680442;0.004614319358153174;[12345,12346,12347,12348,12349,12350,12351,12352,12353,12354];[0.5313521545319464, 0.5468208092485549, 0.5380333951762524, 0.5424302227234282, 0.5420777713290772, 0.544713078939703, 0.5632676378177663, 0.5084155542658154, 0.5266187050359712, 0.555924027735906]
isiXhosa;NER;XLM-RoBERTa + en-data (few-shot);650;0.5459206102827656;0.002615000212249898;[12345,12346,12347,12348,12349,12350,12351,12352,12353,12354];[0.5435745937961596, 0.540755467196819, 0.5580290887503712, 0.5395513577331759, 0.5562838415502992, 0.5536963796775175, 0.5396442568586072, 0.5547533092659447, 0.5361930294906166, 0.5367247785081452]
isiXhosa;NER;XLM-RoBERTa + en-data (few-shot);800;0.5578504917521754;0.004765455355686689;[12345,12346,12347,12348,12349,12350,12351,12352,12353,12354];[0.575301204819277, 0.5740018012608825, 0.5474992601361349, 0.5325342465753424, 0.5784671532846716, 0.5732330827067669, 0.5501657125640252, 0.5512625494371768, 0.5482406356413168, 0.5477992710961592]
isiXhosa;NER;XLM-RoBERTa + en-data (few-shot);1500;0.6582642879688706;0.004361063637212162;[12345,12346,12347,12348,12349,12350,12351,12352,12353,12354];[0.6629013079667062, 0.6731001206272618, 0.6470588235294117, 0.6768585131894483, 0.6425531914893616, 0.6555760936537277, 0.6504358280733394, 0.6585883065737655, 0.6368920159070052, 0.6786786786786787]
isiXhosa;NER;XLM-RoBERTa + en-data (few-shot);2000;0.6552582677777902;0.0027457062468774465;[12345,12346,12347,12348,12349,12350,12351,12352,12353,12354];[0.6504706954145155, 0.6486821705426357, 0.6640195479535734, 0.658865886588659, 0.6559999999999999, 0.6403940886699506, 0.6500898741761533, 0.6714064914992273, 0.6497431248111212, 0.6629107981220657]
isiXhosa;NER;XLM-RoBERTa + en-data (few-shot);3000;0.6812384417925642;0.00489132324968806;[12345,12346,12347,12348,12349,12350,12351,12352,12353,12354];[0.6807995154451848, 0.6771410967344424, 0.6938530734632683, 0.6569928990429145, 0.7066666666666668, 0.6740061162079511, 0.6944114149821641, 0.6766687078995715, 0.694344163658243, 0.6575007638252368]
isiXhosa;NER;XLM-RoBERTa + en-data (few-shot);4000;0.6925804766135834;0.003330238257225578;[12345,12346,12347,12348,12349,12350,12351,12352,12353,12354];[0.6926829268292682, 0.6686948585336173, 0.7019431988041853, 0.6929086538461537, 0.701338199513382, 0.6864848299111248, 0.7090796788140828, 0.6941431670281996, 0.69375, 0.6847792528558198]
isiXhosa;NER;XLM-RoBERTa + en-data (few-shot);5137;0.7141125704319243;0.003270576969878575;[12345,12346,12347,12348,12349,12350,12351,12352,12353,12354];[0.701386748844376, 0.6935632891900215, 0.7116754413131001, 0.727107887579329, 0.714416896235078, 0.7181846059490953, 0.7228112693123298, 0.7281134401972873, 0.7094068304373877, 0.7144592952612394]
